id,align,enableFill,caption,type,src,width,height,mediaType,name,pname,position
309,L,0,"Steve Wozniak, APPLE Co-founder",1,/media/image_309.jpg,990,600,jpg,file,people,0
1008,L,0,NULL,1,/media/image_1008.jpg,990,600,jpg,file,people,0
1009,L,0,NULL,1,/media/image_1009.jpg,990,600,jpg,file,people,0
713,L,0,NULL,1,/media/image_713.jpg,990,600,jpg,file,cars,0
309,L,0,"Steve Wozniak, APPLE Co-founder",2,/media/image_309_thumb.jpg,88,100,jpg,preview,people,0
1008,L,0,NULL,2,/media/image_1008_thumb.jpg,88,100,jpg,preview,people,0
1009,L,0,NULL,2,/media/image_1009_thumb.jpg,88,100,jpg,preview,people,0
713,L,0,NULL,2,/media/image_713_thumb.jpg,88,100,jpg,preview,cars,0
904,L,1,NULL,1,/media/image_904.jpg,990,600,jpg,file,archive.cars,0
905,L,1,NULL,1,/media/image_905.jpg,990,600,jpg,file,archive.people,0
904,L,1,NULL,2,/media/image_904_thumb.jpg,88,100,jpg,preview,archive.cars,0
905,L,1,NULL,2,/media/image_905_thumb.jpg,88,100,jpg,preview,archive.people,0
527,L,1,NULL,1,/media/image_527.jpg,990,600,jpg,file,people,1
527,L,1,NULL,2,/media/image_527_thumb.jpg,88,100,jpg,preview,people,1
1020,L,0,"Lincoln China",1,/media/image_1020.jpg,990,600,jpg,file,cars,1
1020,L,0,"Lincoln China",2,/media/image_1020_thumb.jpg,88,100,jpg,preview,cars,1
511,L,1,NULL,1,/media/image_511.jpg,990,600,jpg,file,archive.cars,1
1015,L,1,NULL,1,/media/image_1015.jpg,990,600,jpg,file,archive.people,1
511,L,1,NULL,2,/media/image_511_thumb.jpg,88,100,jpg,preview,archive.cars,1
1015,L,1,NULL,2,/media/image_1015_thumb.jpg,88,100,jpg,preview,archive.people,1
657,L,0,NULL,1,/media/image_657.jpg,990,600,jpg,file,people,2
657,L,0,NULL,2,/media/image_657_thumb.jpg,88,100,jpg,preview,people,2
1019,L,0,NULL,1,/media/image_1019.jpg,990,600,jpg,file,cars,2
192,L,0,NULL,1,/media/image_192.jpg,990,600,jpg,file,archive.cars,2
1019,L,0,NULL,2,/media/image_1019_thumb.jpg,88,100,jpg,preview,cars,2
192,L,0,NULL,2,/media/image_192_thumb.jpg,88,100,jpg,preview,archive.cars,2
319,L,0,Calvi,1,/media/image_319.jpg,990,600,jpg,file,archive.people,2
319,L,0,Calvi,2,/media/image_319_thumb.jpg,88,100,jpg,preview,archive.people,2
659,L,1,"AMERICA  1995",1,/media/image_659.jpg,990,600,jpg,file,people,3
845,L,0,NULL,1,/media/image_845.jpg,990,600,jpg,file,cars,3
659,L,1,"AMERICA  1995",2,/media/image_659_thumb.jpg,88,100,jpg,preview,people,3
845,L,0,NULL,2,/media/image_845_thumb.jpg,88,100,jpg,preview,cars,3
503,L,0,"*Boxershot by Philipp Rathmer",1,/media/image_503.jpg,990,600,jpg,file,archive.cars,3
140,L,0,ROMA,1,/media/image_140.jpg,990,600,jpg,file,archive.people,3
503,L,0,"*Boxershot by Philipp Rathmer",2,/media/image_503_thumb.jpg,88,100,jpg,preview,archive.cars,3
140,L,0,ROMA,2,/media/image_140_thumb.jpg,88,100,jpg,preview,archive.people,3
308,L,0,"Markus Luepertz",1,/media/image_308.jpg,990,600,jpg,file,people,4
821,L,0,"NO FLARE",1,/media/image_821.jpg,990,600,jpg,file,cars,4
308,L,0,"Markus Luepertz",2,/media/image_308_thumb.jpg,88,100,jpg,preview,people,4
821,L,0,"NO FLARE",2,/media/image_821_thumb.jpg,88,100,jpg,preview,cars,4
1016,L,0,NULL,1,/media/image_1016.jpg,990,600,jpg,file,archive.cars,4
227,L,0,"Banco Ambrosiano",1,/media/image_227.jpg,990,600,jpg,file,archive.people,4
1016,L,0,NULL,2,/media/image_1016_thumb.jpg,88,100,jpg,preview,archive.cars,4
227,L,0,"Banco Ambrosiano",2,/media/image_227_thumb.jpg,88,100,jpg,preview,archive.people,4
235,R,0,"Georg Baselitz KODAK",1,/media/image_235.jpg,990,600,jpg,file,people,5
235,R,0,"Georg Baselitz KODAK",2,/media/image_235_thumb.jpg,88,100,jpg,preview,people,5
871,L,0,"merci a Clemence Andanson et MACKEVISION",1,/media/image_871.jpg,990,600,jpg,file,cars,5
871,L,0,"merci a Clemence Andanson et MACKEVISION",2,/media/image_871_thumb.jpg,88,100,jpg,preview,cars,5
970,R,0,NULL,1,/media/image_970.jpg,990,600,jpg,file,archive.cars,5
213,R,0,NULL,1,/media/image_213.jpg,990,600,jpg,file,archive.people,5
970,R,0,NULL,2,/media/image_970_thumb.jpg,88,100,jpg,preview,archive.cars,5
213,R,0,NULL,2,/media/image_213_thumb.jpg,88,100,jpg,preview,archive.people,5
655,L,0,NULL,1,/media/image_655.jpg,990,600,jpg,file,people,6
760,L,0,"bring back AFFECTION",1,/media/image_760.jpg,990,600,jpg,file,cars,6
655,L,0,NULL,2,/media/image_655_thumb.jpg,88,100,jpg,preview,people,6
760,L,0,"bring back AFFECTION",2,/media/image_760_thumb.jpg,88,100,jpg,preview,cars,6
1004,L,0,NULL,1,/media/image_1004.jpg,990,600,jpg,file,archive.cars,6
99,L,0,NULL,1,/media/image_99.jpg,990,600,jpg,file,archive.people,6
1004,L,0,NULL,2,/media/image_1004_thumb.jpg,88,100,jpg,preview,archive.cars,6
99,L,0,NULL,2,/media/image_99_thumb.jpg,88,100,jpg,preview,archive.people,6
654,L,0,"Agnes Lux",1,/media/image_654.jpg,990,600,jpg,file,people,7
654,L,0,"Agnes Lux",2,/media/image_654_thumb.jpg,88,100,jpg,preview,people,7
872,L,1,CGI,1,/media/image_872.jpg,990,600,jpg,file,cars,7
872,L,1,CGI,2,/media/image_872_thumb.jpg,88,100,jpg,preview,cars,7
1007,L,0,NULL,1,/media/image_1007.jpg,990,600,jpg,file,archive.cars,7
529,L,1,NULL,1,/media/image_529.jpg,990,600,jpg,file,archive.people,7
1007,L,0,NULL,2,/media/image_1007_thumb.jpg,88,100,jpg,preview,archive.cars,7
529,L,1,NULL,2,/media/image_529_thumb.jpg,88,100,jpg,preview,archive.people,7
395,L,0,"KODAK TRI-X",1,/media/image_395.jpg,990,600,jpg,file,people,8
395,L,0,"KODAK TRI-X",2,/media/image_395_thumb.jpg,88,100,jpg,preview,people,8
895,L,0,NULL,1,/media/image_895.jpg,990,600,jpg,file,cars,8
341,R,0,NULL,1,/media/image_341.jpg,990,600,jpg,file,archive.cars,8
895,L,0,NULL,2,/media/image_895_thumb.jpg,88,100,jpg,preview,cars,8
341,R,0,NULL,2,/media/image_341_thumb.jpg,88,100,jpg,preview,archive.cars,8
139,L,0,NULL,1,/media/image_139.jpg,990,600,jpg,file,archive.people,8
139,L,0,NULL,2,/media/image_139_thumb.jpg,88,100,jpg,preview,archive.people,8
130,R,1,POP,1,/media/image_130.jpg,990,600,jpg,file,people,9
817,L,0,NULL,1,/media/image_817.jpg,990,600,jpg,file,cars,9
130,R,1,POP,2,/media/image_130_thumb.jpg,88,100,jpg,preview,people,9
817,L,0,NULL,2,/media/image_817_thumb.jpg,88,100,jpg,preview,cars,9
914,L,0,NULL,1,/media/image_914.jpg,990,600,jpg,file,archive.cars,9
117,R,0,NULL,1,/media/image_117.jpg,990,600,jpg,file,archive.people,9
914,L,0,NULL,2,/media/image_914_thumb.jpg,88,100,jpg,preview,archive.cars,9
117,R,0,NULL,2,/media/image_117_thumb.jpg,88,100,jpg,preview,archive.people,9
647,L,0,"1007000000000 Euro over budget",1,/media/image_647.jpg,990,600,jpg,file,people,10
647,L,0,"1007000000000 Euro over budget",2,/media/image_647_thumb.jpg,88,100,jpg,preview,people,10
907,L,0,NULL,1,/media/image_907.jpg,990,600,jpg,file,cars,10
445,R,0,,1,/media/image_445.jpg,990,600,jpg,file,archive.cars,10
907,L,0,NULL,2,/media/image_907_thumb.jpg,88,100,jpg,preview,cars,10
445,R,0,,2,/media/image_445_thumb.jpg,88,100,jpg,preview,archive.cars,10
236,L,0,NULL,1,/media/image_236.jpg,990,600,jpg,file,archive.people,10
236,L,0,NULL,2,/media/image_236_thumb.jpg,88,100,jpg,preview,archive.people,10
306,L,1,NULL,1,/media/image_306.jpg,990,600,jpg,file,people,11
306,L,1,NULL,2,/media/image_306_thumb.jpg,88,100,jpg,preview,people,11
1013,L,0,NULL,1,/media/image_1013.jpg,990,600,jpg,file,cars,11
271,L,0,NULL,1,/media/image_271.jpg,990,600,jpg,file,archive.cars,11
1013,L,0,NULL,2,/media/image_1013_thumb.jpg,88,100,jpg,preview,cars,11
271,L,0,NULL,2,/media/image_271_thumb.jpg,88,100,jpg,preview,archive.cars,11
82,L,1,NULL,1,/media/archive_people_04.jpg,990,600,jpg,file,archive.people,11
82,L,1,NULL,2,/media/archive_people_04_thumb.jpg,88,100,jpg,preview,archive.people,11
305,L,0,"KODAK  160VC",1,/media/image_305.jpg,990,600,jpg,file,people,12
305,L,0,"KODAK  160VC",2,/media/image_305_thumb.jpg,88,100,jpg,preview,people,12
1012,L,0,NULL,1,/media/image_1012.jpg,990,600,jpg,file,cars,12
406,L,0,"thank You Tom",1,/media/image_406.jpg,990,600,jpg,file,archive.cars,12
1012,L,0,NULL,2,/media/image_1012_thumb.jpg,88,100,jpg,preview,cars,12
406,L,0,"thank You Tom",2,/media/image_406_thumb.jpg,88,100,jpg,preview,archive.cars,12
84,L,0,NULL,1,/media/archive_people_06.jpg,990,600,jpg,file,archive.people,12
84,L,0,NULL,2,/media/archive_people_06_thumb.jpg,88,100,jpg,preview,archive.people,12
131,L,0,"Otti + Iggy",1,/media/image_131.jpg,990,600,jpg,file,people,13
131,L,0,"Otti + Iggy",2,/media/image_131_thumb.jpg,88,100,jpg,preview,people,13
1014,L,0,NULL,1,/media/image_1014.jpg,990,600,jpg,file,cars,13
1014,L,0,NULL,2,/media/image_1014_thumb.jpg,88,100,jpg,preview,cars,13
815,L,0,NULL,1,/media/image_815.jpg,990,600,jpg,file,archive.cars,13
106,L,1,NULL,1,/media/image_106.jpg,990,600,jpg,file,archive.people,13
815,L,0,NULL,2,/media/image_815_thumb.jpg,88,100,jpg,preview,archive.cars,13
106,L,1,NULL,2,/media/image_106_thumb.jpg,88,100,jpg,preview,archive.people,13
543,L,0,NULL,1,/media/image_543.jpg,990,600,jpg,file,people,14
698,L,0,NULL,1,/media/image_698.jpg,990,600,jpg,file,cars,14
543,L,0,NULL,2,/media/image_543_thumb.jpg,88,100,jpg,preview,people,14
698,L,0,NULL,2,/media/image_698_thumb.jpg,88,100,jpg,preview,cars,14
565,L,0,"thanks to John Ruby",1,/media/image_565.jpg,990,600,jpg,file,archive.cars,14
92,L,0,NULL,1,/media/archive_people_14.jpg,990,600,jpg,file,archive.people,14
565,L,0,"thanks to John Ruby",2,/media/image_565_thumb.jpg,88,100,jpg,preview,archive.cars,14
92,L,0,NULL,2,/media/archive_people_14_thumb.jpg,88,100,jpg,preview,archive.people,14
530,L,1,NULL,1,/media/image_530.jpg,990,600,jpg,file,people,15
801,L,0,,1,/media/image_801.jpg,990,600,jpg,file,cars,15
530,L,1,NULL,2,/media/image_530_thumb.jpg,88,100,jpg,preview,people,15
801,L,0,,2,/media/image_801_thumb.jpg,88,100,jpg,preview,cars,15
566,L,1,,1,/media/image_566.jpg,990,600,jpg,file,archive.cars,15
141,L,0,NULL,1,/media/image_141.jpg,990,600,jpg,file,archive.people,15
566,L,1,,2,/media/image_566_thumb.jpg,88,100,jpg,preview,archive.cars,15
141,L,0,NULL,2,/media/image_141_thumb.jpg,88,100,jpg,preview,archive.people,15
212,R,0,Najette,1,/media/image_212.jpg,990,600,jpg,file,people,16
616,L,0,"or scroll with right arrow key",1,/media/image_616.jpg,990,600,jpg,file,cars,16
212,R,0,Najette,2,/media/image_212_thumb.jpg,88,100,jpg,preview,people,16
616,L,0,"or scroll with right arrow key",2,/media/image_616_thumb.jpg,88,100,jpg,preview,cars,16
969,L,0,NULL,1,/media/image_969.jpg,990,600,jpg,file,archive.cars,16
142,L,1,GQ,1,/media/image_142.jpg,990,600,jpg,file,archive.people,16
969,L,0,NULL,2,/media/image_969_thumb.jpg,88,100,jpg,preview,archive.cars,16
142,L,1,GQ,2,/media/image_142_thumb.jpg,88,100,jpg,preview,archive.people,16
199,L,1,,1,/media/image_199.jpg,990,600,jpg,file,people,17
199,L,1,,2,/media/image_199_thumb.jpg,88,100,jpg,preview,people,17
929,R,0,NULL,1,/media/image_929.jpg,990,600,jpg,file,cars,17
929,R,0,NULL,2,/media/image_929_thumb.jpg,88,100,jpg,preview,cars,17
814,L,0,NULL,1,/media/image_814.jpg,990,600,jpg,file,archive.cars,17
97,L,1,,1,/media/archive_people_19.jpg,990,600,jpg,file,archive.people,17
814,L,0,NULL,2,/media/image_814_thumb.jpg,88,100,jpg,preview,archive.cars,17
97,L,1,,2,/media/archive_people_19_thumb.jpg,88,100,jpg,preview,archive.people,17
171,L,1,"Baselitz Atelier",1,/media/image_171.jpg,990,600,jpg,file,people,18
171,L,1,"Baselitz Atelier",2,/media/image_171_thumb.jpg,88,100,jpg,preview,people,18
898,L,0,NULL,1,/media/image_898.jpg,990,600,jpg,file,cars,18
898,L,0,NULL,2,/media/image_898_thumb.jpg,88,100,jpg,preview,cars,18
813,L,0,NULL,1,/media/image_813.jpg,990,600,jpg,file,archive.cars,18
95,L,0,NULL,1,/media/archive_people_17.jpg,990,600,jpg,file,archive.people,18
813,L,0,NULL,2,/media/image_813_thumb.jpg,88,100,jpg,preview,archive.cars,18
95,L,0,NULL,2,/media/archive_people_17_thumb.jpg,88,100,jpg,preview,archive.people,18
198,L,0,"KODAK Portra 160UC",1,/media/image_198.jpg,990,600,jpg,file,people,19
806,L,0,"CGI  RECOM  !",1,/media/image_806.jpg,990,600,jpg,file,cars,19
198,L,0,"KODAK Portra 160UC",2,/media/image_198_thumb.jpg,88,100,jpg,preview,people,19
806,L,0,"CGI  RECOM  !",2,/media/image_806_thumb.jpg,88,100,jpg,preview,cars,19
811,L,0,NULL,1,/media/image_811.jpg,990,600,jpg,file,archive.cars,19
137,L,0,"Blixa + Beck",1,/media/image_137.jpg,990,600,jpg,file,archive.people,19
811,L,0,NULL,2,/media/image_811_thumb.jpg,88,100,jpg,preview,archive.cars,19
137,L,0,"Blixa + Beck",2,/media/image_137_thumb.jpg,88,100,jpg,preview,archive.people,19
37,L,0,NULL,1,/media/people_11.jpg,990,600,jpg,file,people,20
37,L,0,NULL,2,/media/people_11_thumb.jpg,88,100,jpg,preview,people,20
1003,L,0,NULL,1,/media/image_1003.jpg,990,600,jpg,file,cars,20
1003,L,0,NULL,2,/media/image_1003_thumb.jpg,88,100,jpg,preview,cars,20
794,L,0,NULL,1,/media/image_794.jpg,990,600,jpg,file,archive.cars,20
205,L,0,NULL,1,/media/image_205.jpg,990,600,jpg,file,archive.people,20
794,L,0,NULL,2,/media/image_794_thumb.jpg,88,100,jpg,preview,archive.cars,20
205,L,0,NULL,2,/media/image_205_thumb.jpg,88,100,jpg,preview,archive.people,20
203,L,1,Barbara,1,/media/image_203.jpg,990,600,jpg,file,people,21
203,L,1,Barbara,2,/media/image_203_thumb.jpg,88,100,jpg,preview,people,21
1001,L,0,NULL,1,/media/image_1001.jpg,990,600,jpg,file,cars,21
1001,L,0,NULL,2,/media/image_1001_thumb.jpg,88,100,jpg,preview,cars,21
941,L,0,NULL,1,/media/image_941.jpg,990,600,jpg,file,archive.cars,21
158,L,0,"Bayern LB + Gazprom",1,/media/image_158.jpg,990,600,jpg,file,archive.people,21
941,L,0,NULL,2,/media/image_941_thumb.jpg,88,100,jpg,preview,archive.cars,21
158,L,0,"Bayern LB + Gazprom",2,/media/image_158_thumb.jpg,88,100,jpg,preview,archive.people,21
238,L,1,"Danny Boyle Slumdog Millionaire",1,/media/image_238.jpg,990,600,jpg,file,people,22
238,L,1,"Danny Boyle Slumdog Millionaire",2,/media/image_238_thumb.jpg,88,100,jpg,preview,people,22
1000,L,0,NULL,1,/media/image_1000.jpg,990,600,jpg,file,cars,22
1000,L,0,NULL,2,/media/image_1000_thumb.jpg,88,100,jpg,preview,cars,22
966,L,0,NULL,1,/media/image_966.jpg,990,600,jpg,file,archive.cars,22
200,L,0,NULL,1,/media/image_200.jpg,990,600,jpg,file,archive.people,22
966,L,0,NULL,2,/media/image_966_thumb.jpg,88,100,jpg,preview,archive.cars,22
200,L,0,NULL,2,/media/image_200_thumb.jpg,88,100,jpg,preview,archive.people,22
237,L,0,"Danny Boyle   SIGMA SD10",1,/media/image_237.jpg,990,600,jpg,file,people,23
237,L,0,"Danny Boyle   SIGMA SD10",2,/media/image_237_thumb.jpg,88,100,jpg,preview,people,23
999,R,0,NULL,1,/media/image_999.jpg,990,600,jpg,file,cars,23
999,R,0,NULL,2,/media/image_999_thumb.jpg,88,100,jpg,preview,cars,23
844,L,0,NULL,1,/media/image_844.jpg,990,600,jpg,file,archive.cars,23
132,R,0,"John Lee Hooker",1,/media/image_132.jpg,990,600,jpg,file,archive.people,23
844,L,0,NULL,2,/media/image_844_thumb.jpg,88,100,jpg,preview,archive.cars,23
132,R,0,"John Lee Hooker",2,/media/image_132_thumb.jpg,88,100,jpg,preview,archive.people,23
197,L,1,"Steven Frears + Phil",1,/media/image_197.jpg,990,600,jpg,file,people,24
197,L,1,"Steven Frears + Phil",2,/media/image_197_thumb.jpg,88,100,jpg,preview,people,24
977,L,0,NULL,1,/media/image_977.jpg,990,600,jpg,file,cars,24
977,L,0,NULL,2,/media/image_977_thumb.jpg,88,100,jpg,preview,cars,24
837,L,0,NULL,1,/media/image_837.jpg,990,600,jpg,file,archive.cars,24
208,L,1,NULL,1,/media/image_208.jpg,990,600,jpg,file,archive.people,24
837,L,0,NULL,2,/media/image_837_thumb.jpg,88,100,jpg,preview,archive.cars,24
208,L,1,NULL,2,/media/image_208_thumb.jpg,88,100,jpg,preview,archive.people,24
424,L,0,"AGNES LUX",1,/media/image_424.jpg,990,600,jpg,file,people,25
832,L,0,NULL,1,/media/image_832.jpg,990,600,jpg,file,cars,25
424,L,0,"AGNES LUX",2,/media/image_424_thumb.jpg,88,100,jpg,preview,people,25
832,L,0,NULL,2,/media/image_832_thumb.jpg,88,100,jpg,preview,cars,25
840,L,0,NULL,1,/media/image_840.jpg,990,600,jpg,file,archive.cars,25
119,L,0,NULL,1,/media/image_119.jpg,990,600,jpg,file,archive.people,25
840,L,0,NULL,2,/media/image_840_thumb.jpg,88,100,jpg,preview,archive.cars,25
119,L,0,NULL,2,/media/image_119_thumb.jpg,88,100,jpg,preview,archive.people,25
397,L,0,NULL,1,/media/image_397.jpg,990,600,jpg,file,people,26
860,L,0,NULL,1,/media/image_860.jpg,990,600,jpg,file,cars,26
397,L,0,NULL,2,/media/image_397_thumb.jpg,88,100,jpg,preview,people,26
860,L,0,NULL,2,/media/image_860_thumb.jpg,88,100,jpg,preview,cars,26
841,L,0,NULL,1,/media/image_841.jpg,990,600,jpg,file,archive.cars,26
211,L,1,"nino cerruti+ renzo rosso",1,/media/image_211.jpg,990,600,jpg,file,archive.people,26
841,L,0,NULL,2,/media/image_841_thumb.jpg,88,100,jpg,preview,archive.cars,26
211,L,1,"nino cerruti+ renzo rosso",2,/media/image_211_thumb.jpg,88,100,jpg,preview,archive.people,26
398,R,0,"Soenke Wortmann",1,/media/image_398.jpg,990,600,jpg,file,people,27
758,L,0,NULL,1,/media/image_758.jpg,990,600,jpg,file,cars,27
398,R,0,"Soenke Wortmann",2,/media/image_398_thumb.jpg,88,100,jpg,preview,people,27
758,L,0,NULL,2,/media/image_758_thumb.jpg,88,100,jpg,preview,cars,27
846,L,0,NULL,1,/media/image_846.jpg,990,600,jpg,file,archive.cars,27
204,R,0,"MS founder",1,/media/image_204.jpg,990,600,jpg,file,archive.people,27
846,L,0,NULL,2,/media/image_846_thumb.jpg,88,100,jpg,preview,archive.cars,27
204,R,0,"MS founder",2,/media/image_204_thumb.jpg,88,100,jpg,preview,archive.people,27
480,L,0,"HIPP Dynastie",1,/media/image_480.jpg,990,600,jpg,file,people,28
710,R,0,"CGI RECOM",1,/media/image_710.jpg,990,600,jpg,file,cars,28
480,L,0,"HIPP Dynastie",2,/media/image_480_thumb.jpg,88,100,jpg,preview,people,28
710,R,0,"CGI RECOM",2,/media/image_710_thumb.jpg,88,100,jpg,preview,cars,28
793,L,0,NULL,1,/media/image_793.jpg,990,600,jpg,file,archive.cars,28
793,L,0,NULL,2,/media/image_793_thumb.jpg,88,100,jpg,preview,archive.cars,28
201,R,0,AGNES,1,/media/image_201.jpg,990,600,jpg,file,people,29
707,L,0,"thank You FARMHOUSE",1,/media/image_707.jpg,990,600,jpg,file,cars,29
201,R,0,AGNES,2,/media/image_201_thumb.jpg,88,100,jpg,preview,people,29
707,L,0,"thank You FARMHOUSE",2,/media/image_707_thumb.jpg,88,100,jpg,preview,cars,29
964,L,0,NULL,1,/media/image_964.jpg,990,600,jpg,file,archive.cars,29
964,L,0,NULL,2,/media/image_964_thumb.jpg,88,100,jpg,preview,archive.cars,29
423,L,0,"KODAK Portra 400NC",1,/media/image_423.jpg,990,600,jpg,file,people,30
802,L,0,NULL,1,/media/image_802.jpg,990,600,jpg,file,cars,30
423,L,0,"KODAK Portra 400NC",2,/media/image_423_thumb.jpg,88,100,jpg,preview,people,30
802,L,0,NULL,2,/media/image_802_thumb.jpg,88,100,jpg,preview,cars,30
403,L,0,"TEL AVIV 2011",1,/media/image_403.jpg,990,600,jpg,file,archive.cars,30
403,L,0,"TEL AVIV 2011",2,/media/image_403_thumb.jpg,88,100,jpg,preview,archive.cars,30
528,L,1,"KODAK  Portra 160NC",1,/media/image_528.jpg,990,600,jpg,file,people,31
528,L,1,"KODAK  Portra 160NC",2,/media/image_528_thumb.jpg,88,100,jpg,preview,people,31
961,L,0,NULL,1,/media/image_961.jpg,990,600,jpg,file,cars,31
405,L,0,"thank You Asa, Ron,Alon",1,/media/image_405.jpg,990,600,jpg,file,archive.cars,31
961,L,0,NULL,2,/media/image_961_thumb.jpg,88,100,jpg,preview,cars,31
405,L,0,"thank You Asa, Ron,Alon",2,/media/image_405_thumb.jpg,88,100,jpg,preview,archive.cars,31
960,L,1,NULL,1,/media/image_960.jpg,990,600,jpg,file,cars,32
381,L,0,"PORSCHE BLACK EDITION, Tel Aviv 2011",1,/media/image_381.jpg,990,600,jpg,file,archive.cars,32
960,L,1,NULL,2,/media/image_960_thumb.jpg,88,100,jpg,preview,cars,32
381,L,0,"PORSCHE BLACK EDITION, Tel Aviv 2011",2,/media/image_381_thumb.jpg,88,100,jpg,preview,archive.cars,32
956,L,0,NULL,1,/media/image_956.jpg,990,600,jpg,file,cars,33
956,L,0,NULL,2,/media/image_956_thumb.jpg,88,100,jpg,preview,cars,33
627,L,0,"Ron Arad Architects",1,/media/image_627.jpg,990,600,jpg,file,archive.cars,33
627,L,0,"Ron Arad Architects",2,/media/image_627_thumb.jpg,88,100,jpg,preview,archive.cars,33
807,L,0,"missing Davide",1,/media/image_807.jpg,990,600,jpg,file,cars,34
807,L,0,"missing Davide",2,/media/image_807_thumb.jpg,88,100,jpg,preview,cars,34
415,L,0,,1,/media/image_415.jpg,990,600,jpg,file,archive.cars,34
415,L,0,,2,/media/image_415_thumb.jpg,88,100,jpg,preview,archive.cars,34
928,L,0,NULL,1,/media/image_928.jpg,990,600,jpg,file,cars,35
928,L,0,NULL,2,/media/image_928_thumb.jpg,88,100,jpg,preview,cars,35
944,L,0,NULL,1,/media/image_944.jpg,990,600,jpg,file,archive.cars,35
944,L,0,NULL,2,/media/image_944_thumb.jpg,88,100,jpg,preview,archive.cars,35
930,L,0,NULL,1,/media/image_930.jpg,990,600,jpg,file,cars,36
930,L,0,NULL,2,/media/image_930_thumb.jpg,88,100,jpg,preview,cars,36
942,L,0,NULL,1,/media/image_942.jpg,990,600,jpg,file,archive.cars,36
942,L,0,NULL,2,/media/image_942_thumb.jpg,88,100,jpg,preview,archive.cars,36
931,L,0,NULL,1,/media/image_931.jpg,990,600,jpg,file,cars,37
931,L,0,NULL,2,/media/image_931_thumb.jpg,88,100,jpg,preview,cars,37
711,L,0,,1,/media/image_711.jpg,990,600,jpg,file,archive.cars,37
711,L,0,,2,/media/image_711_thumb.jpg,88,100,jpg,preview,archive.cars,37
927,L,0,NULL,1,/media/image_927.jpg,990,600,jpg,file,cars,38
927,L,0,NULL,2,/media/image_927_thumb.jpg,88,100,jpg,preview,cars,38
691,L,0,"klick on arrows or scroll with arrow keys on keyboard",1,/media/image_691.jpg,990,600,jpg,file,archive.cars,38
691,L,0,"klick on arrows or scroll with arrow keys on keyboard",2,/media/image_691_thumb.jpg,88,100,jpg,preview,archive.cars,38
951,L,0,NULL,1,/media/image_951.jpg,990,600,jpg,file,cars,39
951,L,0,NULL,2,/media/image_951_thumb.jpg,88,100,jpg,preview,cars,39
608,L,0,NULL,1,/media/image_608.jpg,990,600,jpg,file,archive.cars,39
608,L,0,NULL,2,/media/image_608_thumb.jpg,88,100,jpg,preview,archive.cars,39
926,L,1,NULL,1,/media/image_926.jpg,990,600,jpg,file,cars,40
926,L,1,NULL,2,/media/image_926_thumb.jpg,88,100,jpg,preview,cars,40
913,L,0,NULL,1,/media/image_913.jpg,990,600,jpg,file,archive.cars,40
913,L,0,NULL,2,/media/image_913_thumb.jpg,88,100,jpg,preview,archive.cars,40
737,L,1,"TEH BOSS",1,/media/image_737.jpg,990,600,jpg,file,cars,41
737,L,1,"TEH BOSS",2,/media/image_737_thumb.jpg,88,100,jpg,preview,cars,41
912,L,0,NULL,1,/media/image_912.jpg,990,600,jpg,file,archive.cars,41
912,L,0,NULL,2,/media/image_912_thumb.jpg,88,100,jpg,preview,archive.cars,41
918,L,0,NULL,1,/media/image_918.jpg,990,600,jpg,file,cars,42
407,L,0,,1,/media/image_407.jpg,990,600,jpg,file,archive.cars,42
918,L,0,NULL,2,/media/image_918_thumb.jpg,88,100,jpg,preview,cars,42
407,L,0,,2,/media/image_407_thumb.jpg,88,100,jpg,preview,archive.cars,42
923,L,0,"Thanks to Elisabeth Winter",1,/media/image_923.jpg,990,600,jpg,file,cars,43
367,R,0,,1,/media/image_367.jpg,990,600,jpg,file,archive.cars,43
923,L,0,"Thanks to Elisabeth Winter",2,/media/image_923_thumb.jpg,88,100,jpg,preview,cars,43
367,R,0,,2,/media/image_367_thumb.jpg,88,100,jpg,preview,archive.cars,43
903,L,1,NULL,1,/media/image_903.jpg,990,600,jpg,file,cars,44
903,L,1,NULL,2,/media/image_903_thumb.jpg,88,100,jpg,preview,cars,44
525,L,0,,1,/media/image_525.jpg,990,600,jpg,file,archive.cars,44
525,L,0,,2,/media/image_525_thumb.jpg,88,100,jpg,preview,archive.cars,44
901,L,1,NULL,1,/media/image_901.jpg,990,600,jpg,file,cars,45
409,L,0,,1,/media/image_409.jpg,990,600,jpg,file,archive.cars,45
901,L,1,NULL,2,/media/image_901_thumb.jpg,88,100,jpg,preview,cars,45
409,L,0,,2,/media/image_409_thumb.jpg,88,100,jpg,preview,archive.cars,45
996,L,0,NULL,1,/media/image_996.jpg,990,600,jpg,file,cars,46
996,L,0,NULL,2,/media/image_996_thumb.jpg,88,100,jpg,preview,cars,46
523,L,0,,1,/media/image_523.jpg,990,600,jpg,file,archive.cars,46
523,L,0,,2,/media/image_523_thumb.jpg,88,100,jpg,preview,archive.cars,46
920,L,0,NULL,1,/media/image_920.jpg,990,600,jpg,file,cars,47
458,L,0,"CATCH ME IF YOU CAN",1,/media/image_458.jpg,990,600,jpg,file,archive.cars,47
920,L,0,NULL,2,/media/image_920_thumb.jpg,88,100,jpg,preview,cars,47
458,L,0,"CATCH ME IF YOU CAN",2,/media/image_458_thumb.jpg,88,100,jpg,preview,archive.cars,47
995,L,0,NULL,1,/media/image_995.jpg,990,600,jpg,file,cars,48
449,L,0,YF-12A,1,/media/image_449.jpg,990,600,jpg,file,archive.cars,48
995,L,0,NULL,2,/media/image_995_thumb.jpg,88,100,jpg,preview,cars,48
449,L,0,YF-12A,2,/media/image_449_thumb.jpg,88,100,jpg,preview,archive.cars,48
997,L,0,NULL,1,/media/image_997.jpg,990,600,jpg,file,cars,49
487,L,1,visit:www.vimeo.com/pilpop,1,/media/image_487.jpg,990,600,jpg,file,archive.cars,49
997,L,0,NULL,2,/media/image_997_thumb.jpg,88,100,jpg,preview,cars,49
487,L,1,visit:www.vimeo.com/pilpop,2,/media/image_487_thumb.jpg,88,100,jpg,preview,archive.cars,49
879,L,1,,1,/media/image_879.jpg,990,600,jpg,file,cars,50
879,L,1,,2,/media/image_879_thumb.jpg,88,100,jpg,preview,cars,50
784,L,0,NULL,1,/media/image_784.jpg,990,600,jpg,file,archive.cars,50
784,L,0,NULL,2,/media/image_784_thumb.jpg,88,100,jpg,preview,archive.cars,50
882,L,0,"HEADPHONES ON!",1,/media/image_882.jpg,990,600,jpg,file,cars,51
882,L,0,"HEADPHONES ON!",2,/media/image_882_thumb.jpg,88,100,jpg,preview,cars,51
623,L,0,NULL,1,/media/image_623.jpg,990,600,jpg,file,archive.cars,51
623,L,0,NULL,2,/media/image_623_thumb.jpg,88,100,jpg,preview,archive.cars,51
852,L,0,"merci Clemence et Laurent",1,/media/image_852.jpg,990,600,jpg,file,cars,52
852,L,0,"merci Clemence et Laurent",2,/media/image_852_thumb.jpg,88,100,jpg,preview,cars,52
546,L,0,"MEXICO CITY 2008 Sigma SD14",1,/media/image_546.jpg,990,600,jpg,file,archive.cars,52
546,L,0,"MEXICO CITY 2008 Sigma SD14",2,/media/image_546_thumb.jpg,88,100,jpg,preview,archive.cars,52
896,L,0,"Merci a Clemence Andanson",1,/media/image_896.jpg,990,600,jpg,file,cars,53
315,L,0,"32 million people",1,/media/image_315.jpg,990,600,jpg,file,archive.cars,53
896,L,0,"Merci a Clemence Andanson",2,/media/image_896_thumb.jpg,88,100,jpg,preview,cars,53
315,L,0,"32 million people",2,/media/image_315_thumb.jpg,88,100,jpg,preview,archive.cars,53
883,L,1,NULL,1,/media/image_883.jpg,990,600,jpg,file,cars,54
289,L,0,,1,/media/image_289.jpg,990,600,jpg,file,archive.cars,54
883,L,1,NULL,2,/media/image_883_thumb.jpg,88,100,jpg,preview,cars,54
289,L,0,,2,/media/image_289_thumb.jpg,88,100,jpg,preview,archive.cars,54
891,L,1,NULL,1,/media/image_891.jpg,990,600,jpg,file,cars,55
290,R,0,,1,/media/image_290.jpg,990,600,jpg,file,archive.cars,55
891,L,1,NULL,2,/media/image_891_thumb.jpg,88,100,jpg,preview,cars,55
290,R,0,,2,/media/image_290_thumb.jpg,88,100,jpg,preview,archive.cars,55
885,L,1,NULL,1,/media/image_885.jpg,990,600,jpg,file,cars,56
292,L,0,"gracias Michel Rojkind Arquitectos -the greatest",1,/media/image_292.jpg,990,600,jpg,file,archive.cars,56
885,L,1,NULL,2,/media/image_885_thumb.jpg,88,100,jpg,preview,cars,56
292,L,0,"gracias Michel Rojkind Arquitectos -the greatest",2,/media/image_292_thumb.jpg,88,100,jpg,preview,archive.cars,56
868,L,0,NULL,1,/media/image_868.jpg,990,600,jpg,file,cars,57
414,L,1,"CGI ANIMAGO 2011 Gold Medal",1,/media/image_414.jpg,990,600,jpg,file,archive.cars,57
868,L,0,NULL,2,/media/image_868_thumb.jpg,88,100,jpg,preview,cars,57
414,L,1,"CGI ANIMAGO 2011 Gold Medal",2,/media/image_414_thumb.jpg,88,100,jpg,preview,archive.cars,57
867,L,0,NULL,1,/media/image_867.jpg,990,600,jpg,file,cars,58
498,L,0,"no blinds- better than reality",1,/media/image_498.jpg,990,600,jpg,file,archive.cars,58
867,L,0,NULL,2,/media/image_867_thumb.jpg,88,100,jpg,preview,cars,58
498,L,0,"no blinds- better than reality",2,/media/image_498_thumb.jpg,88,100,jpg,preview,archive.cars,58
887,L,1,NULL,1,/media/image_887.jpg,990,600,jpg,file,cars,59
887,L,1,NULL,2,/media/image_887_thumb.jpg,88,100,jpg,preview,cars,59
651,L,1,"NOKIA LUMIA 920 ? :)",1,/media/image_651.jpg,990,600,jpg,file,archive.cars,59
651,L,1,"NOKIA LUMIA 920 ? :)",2,/media/image_651_thumb.jpg,88,100,jpg,preview,archive.cars,59
888,L,0,NULL,1,/media/image_888.jpg,990,600,jpg,file,cars,60
455,L,0,NULL,1,/media/image_455.jpg,990,600,jpg,file,archive.cars,60
888,L,0,NULL,2,/media/image_888_thumb.jpg,88,100,jpg,preview,cars,60
455,L,0,NULL,2,/media/image_455_thumb.jpg,88,100,jpg,preview,archive.cars,60
864,L,0,NULL,1,/media/image_864.jpg,990,600,jpg,file,cars,61
864,L,0,NULL,2,/media/image_864_thumb.jpg,88,100,jpg,preview,cars,61
507,L,0,NULL,1,/media/image_507.jpg,990,600,jpg,file,archive.cars,61
507,L,0,NULL,2,/media/image_507_thumb.jpg,88,100,jpg,preview,archive.cars,61
897,L,0,NULL,1,/media/image_897.jpg,990,600,jpg,file,cars,62
342,L,1,NULL,1,/media/image_342.jpg,990,600,jpg,file,archive.cars,62
897,L,0,NULL,2,/media/image_897_thumb.jpg,88,100,jpg,preview,cars,62
342,L,1,NULL,2,/media/image_342_thumb.jpg,88,100,jpg,preview,archive.cars,62
862,L,0,NULL,1,/media/image_862.jpg,990,600,jpg,file,cars,63
862,L,0,NULL,2,/media/image_862_thumb.jpg,88,100,jpg,preview,cars,63
510,L,0,NULL,1,/media/image_510.jpg,990,600,jpg,file,archive.cars,63
510,L,0,NULL,2,/media/image_510_thumb.jpg,88,100,jpg,preview,archive.cars,63
889,L,0,"Thank You MACKEVISION CGI",1,/media/image_889.jpg,990,600,jpg,file,cars,64
313,L,1,"The last GT",1,/media/image_313.jpg,990,600,jpg,file,archive.cars,64
889,L,0,"Thank You MACKEVISION CGI",2,/media/image_889_thumb.jpg,88,100,jpg,preview,cars,64
313,L,1,"The last GT",2,/media/image_313_thumb.jpg,88,100,jpg,preview,archive.cars,64
859,L,0,NULL,1,/media/image_859.jpg,990,600,jpg,file,cars,65
859,L,0,NULL,2,/media/image_859_thumb.jpg,88,100,jpg,preview,cars,65
299,L,0,"The Art of Progress",1,/media/image_299.jpg,990,600,jpg,file,archive.cars,65
299,L,0,"The Art of Progress",2,/media/image_299_thumb.jpg,88,100,jpg,preview,archive.cars,65
857,L,0,NULL,1,/media/image_857.jpg,990,600,jpg,file,cars,66
857,L,0,NULL,2,/media/image_857_thumb.jpg,88,100,jpg,preview,cars,66
301,R,0,NULL,1,/media/image_301.jpg,990,600,jpg,file,archive.cars,66
301,R,0,NULL,2,/media/image_301_thumb.jpg,88,100,jpg,preview,archive.cars,66
855,L,0,NULL,1,/media/image_855.jpg,990,600,jpg,file,cars,67
855,L,0,NULL,2,/media/image_855_thumb.jpg,88,100,jpg,preview,cars,67
317,L,0,NULL,1,/media/image_317.jpg,990,600,jpg,file,archive.cars,67
317,L,0,NULL,2,/media/image_317_thumb.jpg,88,100,jpg,preview,archive.cars,67
890,L,1,NULL,1,/media/image_890.jpg,990,600,jpg,file,cars,68
121,L,0,Beautyshot,1,/media/image_121.jpg,990,600,jpg,file,archive.cars,68
890,L,1,NULL,2,/media/image_890_thumb.jpg,88,100,jpg,preview,cars,68
121,L,0,Beautyshot,2,/media/image_121_thumb.jpg,88,100,jpg,preview,archive.cars,68
853,L,0,NULL,1,/media/image_853.jpg,990,600,jpg,file,cars,69
853,L,0,NULL,2,/media/image_853_thumb.jpg,88,100,jpg,preview,cars,69
549,L,1,NULL,1,/media/image_549.jpg,990,600,jpg,file,archive.cars,69
549,L,1,NULL,2,/media/image_549_thumb.jpg,88,100,jpg,preview,archive.cars,69
851,L,0,NULL,1,/media/image_851.jpg,990,600,jpg,file,cars,70
851,L,0,NULL,2,/media/image_851_thumb.jpg,88,100,jpg,preview,cars,70
370,L,0,NULL,1,/media/image_370.jpg,990,600,jpg,file,archive.cars,70
370,L,0,NULL,2,/media/image_370_thumb.jpg,88,100,jpg,preview,archive.cars,70
850,L,0,NULL,1,/media/image_850.jpg,990,600,jpg,file,cars,71
850,L,0,NULL,2,/media/image_850_thumb.jpg,88,100,jpg,preview,cars,71
548,L,0,NULL,1,/media/image_548.jpg,990,600,jpg,file,archive.cars,71
548,L,0,NULL,2,/media/image_548_thumb.jpg,88,100,jpg,preview,archive.cars,71
892,L,0,NULL,1,/media/image_892.jpg,990,600,jpg,file,cars,72
892,L,0,NULL,2,/media/image_892_thumb.jpg,88,100,jpg,preview,cars,72
500,L,0,NULL,1,/media/image_500.jpg,990,600,jpg,file,archive.cars,72
500,L,0,NULL,2,/media/image_500_thumb.jpg,88,100,jpg,preview,archive.cars,72
893,L,1,NULL,1,/media/image_893.jpg,990,600,jpg,file,cars,73
448,R,0,NULL,1,/media/image_448.jpg,990,600,jpg,file,archive.cars,73
893,L,1,NULL,2,/media/image_893_thumb.jpg,88,100,jpg,preview,cars,73
448,R,0,NULL,2,/media/image_448_thumb.jpg,88,100,jpg,preview,archive.cars,73
762,L,0,"for iPad/iPhone download PUFFIN Browser",1,/media/image_762.jpg,990,600,jpg,file,cars,74
762,L,0,"for iPad/iPhone download PUFFIN Browser",2,/media/image_762_thumb.jpg,88,100,jpg,preview,cars,74
534,L,0,,1,/media/image_534.jpg,990,600,jpg,file,archive.cars,74
534,L,0,,2,/media/image_534_thumb.jpg,88,100,jpg,preview,archive.cars,74
747,L,0,,1,/media/image_747.jpg,990,600,jpg,file,cars,75
747,L,0,,2,/media/image_747_thumb.jpg,88,100,jpg,preview,cars,75
568,R,0,NULL,1,/media/image_568.jpg,990,600,jpg,file,cars,76
568,R,0,NULL,2,/media/image_568_thumb.jpg,88,100,jpg,preview,cars,76
671,R,0,NULL,1,/media/image_671.jpg,990,600,jpg,file,cars,77
671,R,0,NULL,2,/media/image_671_thumb.jpg,88,100,jpg,preview,cars,77
494,L,0,"* Boxer by Philipp Rathmer",1,/media/image_494.jpg,990,600,jpg,file,cars,78
494,L,0,"* Boxer by Philipp Rathmer",2,/media/image_494_thumb.jpg,88,100,jpg,preview,cars,78
640,L,1,NULL,1,/media/image_640.jpg,990,600,jpg,file,cars,79
640,L,1,NULL,2,/media/image_640_thumb.jpg,88,100,jpg,preview,cars,79
610,L,0,NULL,1,/media/image_610.jpg,990,600,jpg,file,cars,80
610,L,0,NULL,2,/media/image_610_thumb.jpg,88,100,jpg,preview,cars,80
457,L,1,,1,/media/image_457.jpg,990,600,jpg,file,cars,81
457,L,1,,2,/media/image_457_thumb.jpg,88,100,jpg,preview,cars,81
620,L,0,NULL,1,/media/image_620.jpg,990,600,jpg,file,cars,82
620,L,0,NULL,2,/media/image_620_thumb.jpg,88,100,jpg,preview,cars,82
594,L,0,,1,/media/image_594.jpg,990,600,jpg,file,cars,83
594,L,0,,2,/media/image_594_thumb.jpg,88,100,jpg,preview,cars,83
722,R,0,NULL,1,/media/image_722.jpg,990,600,jpg,file,cars,84
722,R,0,NULL,2,/media/image_722_thumb.jpg,88,100,jpg,preview,cars,84
765,L,0,CGI,1,/media/image_765.jpg,990,600,jpg,file,cars,85
765,L,0,CGI,2,/media/image_765_thumb.jpg,88,100,jpg,preview,cars,85
307,L,1,NULL,1,/media/image_307.jpg,990,600,jpg,file,cars,86
307,L,1,NULL,2,/media/image_307_thumb.jpg,88,100,jpg,preview,cars,86
773,L,0,NULL,1,/media/image_773.jpg,990,600,jpg,file,cars,87
773,L,0,NULL,2,/media/image_773_thumb.jpg,88,100,jpg,preview,cars,87
825,L,0,NULL,1,/media/image_825.jpg,990,600,jpg,file,cars,88
825,L,0,NULL,2,/media/image_825_thumb.jpg,88,100,jpg,preview,cars,88
936,L,1,NULL,1,/media/image_936.jpg,990,600,jpg,file,cars,89
936,L,1,NULL,2,/media/image_936_thumb.jpg,88,100,jpg,preview,cars,89
938,L,0,NULL,1,/media/image_938.jpg,990,600,jpg,file,cars,90
938,L,0,NULL,2,/media/image_938_thumb.jpg,88,100,jpg,preview,cars,90
908,L,0,NULL,1,/media/image_908.jpg,990,600,jpg,file,cars,91
908,L,0,NULL,2,/media/image_908_thumb.jpg,88,100,jpg,preview,cars,91
909,L,0,NULL,1,/media/image_909.jpg,990,600,jpg,file,cars,92
909,L,0,NULL,2,/media/image_909_thumb.jpg,88,100,jpg,preview,cars,92
902,L,1,NULL,1,/media/image_902.jpg,990,600,jpg,file,cars,93
902,L,1,NULL,2,/media/image_902_thumb.jpg,88,100,jpg,preview,cars,93
946,L,0,NULL,1,/media/image_946.jpg,990,600,jpg,file,cars,94
946,L,0,NULL,2,/media/image_946_thumb.jpg,88,100,jpg,preview,cars,94
410,L,0,"Infrared + RECOM",1,/media/image_410.jpg,990,600,jpg,file,cars,95
410,L,0,"Infrared + RECOM",2,/media/image_410_thumb.jpg,88,100,jpg,preview,cars,95
553,L,0,"EPIC BEAUTY",1,/media/image_553.jpg,990,600,jpg,file,cars,96
553,L,0,"EPIC BEAUTY",2,/media/image_553_thumb.jpg,88,100,jpg,preview,cars,96
831,L,0,"Instant Classic",1,/media/image_831.jpg,990,600,jpg,file,cars,97
831,L,0,"Instant Classic",2,/media/image_831_thumb.jpg,88,100,jpg,preview,cars,97
771,L,1,HI,1,/media/image_771.jpg,990,600,jpg,file,cars,98
771,L,1,HI,2,/media/image_771_thumb.jpg,88,100,jpg,preview,cars,98
735,L,0,NULL,1,/media/image_735.jpg,990,600,jpg,file,cars,99
735,L,0,NULL,2,/media/image_735_thumb.jpg,88,100,jpg,preview,cars,99
955,L,1,NULL,1,/media/image_955.jpg,990,600,jpg,file,cars,100
955,L,1,NULL,2,/media/image_955_thumb.jpg,88,100,jpg,preview,cars,100
957,L,1,NULL,1,/media/image_957.jpg,990,600,jpg,file,cars,101
957,L,1,NULL,2,/media/image_957_thumb.jpg,88,100,jpg,preview,cars,101
945,L,0,"PUT DEM HEADPHONES ON",1,/media/image_945.jpg,990,600,jpg,file,cars,102
945,L,0,"PUT DEM HEADPHONES ON",2,/media/image_945_thumb.jpg,88,100,jpg,preview,cars,102
822,L,0,"NO DOG",1,/media/image_822.jpg,990,600,jpg,file,cars,103
822,L,0,"NO DOG",2,/media/image_822_thumb.jpg,88,100,jpg,preview,cars,103
756,R,0,,1,/media/image_756.jpg,990,600,jpg,file,cars,104
756,R,0,,2,/media/image_756_thumb.jpg,88,100,jpg,preview,cars,104
749,L,0,NULL,1,/media/image_749.jpg,990,600,jpg,file,cars,105
749,L,0,NULL,2,/media/image_749_thumb.jpg,88,100,jpg,preview,cars,105
709,L,0,www.neptunes.org,1,/media/image_709.jpg,990,600,jpg,file,cars,106
709,L,0,www.neptunes.org,2,/media/image_709_thumb.jpg,88,100,jpg,preview,cars,106
937,L,0,NULL,1,/media/image_937.jpg,990,600,jpg,file,cars,107
937,L,0,NULL,2,/media/image_937_thumb.jpg,88,100,jpg,preview,cars,107
816,L,0,"CGI Farmhouse",1,/media/image_816.jpg,990,600,jpg,file,cars,108
816,L,0,"CGI Farmhouse",2,/media/image_816_thumb.jpg,88,100,jpg,preview,cars,108
974,L,0,NULL,1,/media/image_974.jpg,990,600,jpg,file,cars,109
974,L,0,NULL,2,/media/image_974_thumb.jpg,88,100,jpg,preview,cars,109
606,L,0,HEADPHONES,1,/media/image_606.jpg,990,600,jpg,file,cars,110
606,L,0,HEADPHONES,2,/media/image_606_thumb.jpg,88,100,jpg,preview,cars,110
981,R,1,NULL,1,/media/image_981.jpg,990,600,jpg,file,cars,111
981,R,1,NULL,2,/media/image_981_thumb.jpg,88,100,jpg,preview,cars,111
717,L,0,,1,/media/image_717.jpg,990,600,jpg,file,cars,112
717,L,0,,2,/media/image_717_thumb.jpg,88,100,jpg,preview,cars,112
998,L,0,NULL,1,/media/image_998.jpg,990,600,jpg,file,cars,113
998,L,0,NULL,2,/media/image_998_thumb.jpg,88,100,jpg,preview,cars,113
993,L,0,NULL,1,/media/image_993.jpg,990,600,jpg,file,cars,114
993,L,0,NULL,2,/media/image_993_thumb.jpg,88,100,jpg,preview,cars,114
988,L,1,NULL,1,/media/image_988.jpg,990,600,jpg,file,cars,115
988,L,1,NULL,2,/media/image_988_thumb.jpg,88,100,jpg,preview,cars,115
994,L,0,NULL,1,/media/image_994.jpg,990,600,jpg,file,cars,116
994,L,0,NULL,2,/media/image_994_thumb.jpg,88,100,jpg,preview,cars,116
746,L,0,,1,/media/image_746.jpg,990,600,jpg,file,cars,117
746,L,0,,2,/media/image_746_thumb.jpg,88,100,jpg,preview,cars,117
753,R,0,NULL,1,/media/image_753.jpg,990,600,jpg,file,cars,118
753,R,0,NULL,2,/media/image_753_thumb.jpg,88,100,jpg,preview,cars,118
764,L,0,CGI,1,/media/image_764.jpg,990,600,jpg,file,cars,119
764,L,0,CGI,2,/media/image_764_thumb.jpg,88,100,jpg,preview,cars,119
987,L,0,NULL,1,/media/image_987.jpg,990,600,jpg,file,cars,120
987,L,0,NULL,2,/media/image_987_thumb.jpg,88,100,jpg,preview,cars,120
856,L,0,NULL,1,/media/image_856.jpg,990,600,jpg,file,cars,121
856,L,0,NULL,2,/media/image_856_thumb.jpg,88,100,jpg,preview,cars,121
775,L,0,"plug in the headphones",1,/media/image_775.jpg,990,600,jpg,file,cars,122
775,L,0,"plug in the headphones",2,/media/image_775_thumb.jpg,88,100,jpg,preview,cars,122
476,R,0,NULL,1,/media/image_476.jpg,990,600,jpg,file,cars,123
476,R,0,NULL,2,/media/image_476_thumb.jpg,88,100,jpg,preview,cars,123
692,L,0,,1,/media/image_692.jpg,990,600,jpg,file,cars,124
692,L,0,,2,/media/image_692_thumb.jpg,88,100,jpg,preview,cars,124
982,L,1,NULL,1,/media/image_982.jpg,990,600,jpg,file,cars,125
982,L,1,NULL,2,/media/image_982_thumb.jpg,88,100,jpg,preview,cars,125
1017,L,0,NULL,1,/media/image_1017.jpg,990,600,jpg,file,cars,126
1017,L,0,NULL,2,/media/image_1017_thumb.jpg,88,100,jpg,preview,cars,126
467,L,0,,1,/media/image_467.jpg,990,600,jpg,file,cars,127
541,L,0,"donï¿½t forget to visit THE ARCHIVE",1,/media/image_541.jpg,990,600,jpg,file,cars,127
702,L,1,NULL,1,/media/image_702.jpg,990,600,jpg,file,cars,127
714,L,0,"GO TO HOME*ARCHIVE*CARS",1,/media/image_714.jpg,990,600,jpg,file,cars,127
754,L,0,NULL,1,/media/image_754.jpg,990,600,jpg,file,cars,127
467,L,0,,2,/media/image_467_thumb.jpg,88,100,jpg,preview,cars,127
541,L,0,"donï¿½t forget to visit THE ARCHIVE",2,/media/image_541_thumb.jpg,88,100,jpg,preview,cars,127
702,L,1,NULL,2,/media/image_702_thumb.jpg,88,100,jpg,preview,cars,127
714,L,0,"GO TO HOME*ARCHIVE*CARS",2,/media/image_714_thumb.jpg,88,100,jpg,preview,cars,127
754,L,0,NULL,2,/media/image_754_thumb.jpg,88,100,jpg,preview,cars,127
973,L,0,NULL,1,/media/image_973.jpg,990,600,jpg,file,cars,127
1006,L,0,NULL,1,/media/image_1006.jpg,990,600,jpg,file,cars,127
1018,L,0,NULL,1,/media/image_1018.jpg,990,600,jpg,file,cars,127
973,L,0,NULL,2,/media/image_973_thumb.jpg,88,100,jpg,preview,cars,127
1006,L,0,NULL,2,/media/image_1006_thumb.jpg,88,100,jpg,preview,cars,127
1018,L,0,NULL,2,/media/image_1018_thumb.jpg,88,100,jpg,preview,cars,127
